{"cameraMode":{"drawMode":0,"name":"Shaded","section":"Shading Mode"},"sceneLighting":false,"audioPlay":false,"sceneViewState":{"showFog":true,"showMaterialUpdate":true,"showSkybox":true,"showFlares":true,"showImageEffects":true,"showParticleSystems":true},"in2DMode":false,"pivot":{"x":5.372068405151367,"y":2.109269857406616,"z":0.021119169890880586},"rotation":{"x":0.08717229217290878,"y":-0.8995905518531799,"z":0.21045254170894624,"w":0.37262260913848879},"size":3.0625619888305666,"orthographic":false}